Actual,Ensemble_Prediction,Weighted_Prediction,Prob_Low_Performer,Prob_Medium_Performer,Prob_High_Performer
0,1,1,0.2490255,0.74966204,0.0013124046
2,2,2,0.0015683952,0.0013414326,0.99709016
1,1,1,0.023644201,0.9756348,0.00072099344
2,2,2,0.00015209526,0.0024839244,0.997364
2,2,2,0.0006540387,0.0011956,0.9981503
2,2,2,0.00019562693,0.0061484245,0.993656
2,2,2,0.00011479579,0.00012276611,0.9997625
2,2,2,0.00020817999,0.0011963604,0.9985955
1,1,1,0.18972339,0.80881447,0.0014621831
1,1,1,0.37402144,0.6239926,0.001985875
1,1,1,0.045275494,0.95413864,0.0005858498
1,1,1,0.0062883105,0.99168736,0.0020243574
1,1,1,0.049937792,0.9493857,0.0006765054
0,1,1,0.12631766,0.8714338,0.0022485491
0,1,1,0.051808823,0.9452026,0.0029886204
1,1,1,0.046697542,0.95268786,0.00061462406
2,2,2,0.0008908433,0.0018796548,0.99722946
1,1,1,0.3452417,0.6530043,0.0017540504
2,2,2,0.0010260374,0.0022487342,0.99672526
2,2,2,0.00070493534,0.0052094474,0.99408555
2,2,2,0.00031823426,0.0069069555,0.99277484
2,2,2,0.0006287126,0.004269806,0.99510145
1,1,1,0.08839732,0.90931183,0.0022908426
1,1,1,0.031989254,0.9664085,0.00160219
1,1,1,0.045114774,0.95272046,0.0021647753
2,2,2,0.00015750289,0.0033857068,0.9964568
1,1,1,0.025239142,0.9741702,0.00059066
1,1,1,0.06275875,0.93660223,0.00063899125
1,1,1,0.3163751,0.68191946,0.0017054204
2,2,2,0.00024888973,0.0011003119,0.9986508
2,2,2,0.00041258193,0.0037604868,0.9958269
1,1,1,0.19815439,0.80023867,0.0016069098
0,1,1,0.17373066,0.8236475,0.0026218542
2,2,2,0.0005815201,0.0031389643,0.99627954
1,1,1,0.13407509,0.86491746,0.0010074523
1,1,1,0.2769445,0.7209375,0.002118019
1,1,1,0.07726908,0.9212886,0.0014423183
1,1,1,0.0056367107,0.9939707,0.00039256996
1,1,1,0.061553087,0.93780905,0.00063785503
2,2,2,0.00054353784,0.001921896,0.9975346
1,1,1,0.048167035,0.9505199,0.0013131063
1,1,1,0.019204622,0.97947556,0.001319835
1,1,1,0.29103613,0.7069318,0.0020320273
1,1,1,0.10630459,0.8915187,0.0021766592
1,1,1,0.35417804,0.6426272,0.003194786
1,1,1,0.20450346,0.79366696,0.0018295823
1,1,1,0.15849526,0.83909065,0.002414088
2,2,2,0.00028766427,0.0015963234,0.9981161
1,1,1,0.018813174,0.97944194,0.0017449061
2,2,2,0.0011862697,0.0025697271,0.99624395
1,1,1,0.03710557,0.96092975,0.0019647111
1,1,1,0.015016429,0.98410386,0.0008797428
2,2,2,0.000879601,0.0018825574,0.9972378
1,1,1,0.07429704,0.92376626,0.0019367386
2,2,2,0.00030263423,0.0028140016,0.99688333
2,2,2,0.0008636271,0.0035091357,0.9956272
2,2,2,0.00014122498,0.002686419,0.99717236
0,1,1,0.02231808,0.97601193,0.0016699333
1,1,1,0.069668874,0.92875767,0.0015734469
2,2,2,0.00027458434,0.0010705461,0.99865484
0,1,1,0.03243029,0.9653272,0.002242543
2,2,2,0.0001948565,0.0009805446,0.9988246
2,2,2,0.00023641183,0.0017651139,0.99799854
2,2,2,0.00012220193,0.0032155304,0.9966623
1,1,1,0.17356116,0.824777,0.0016617931
2,2,2,0.00029353698,0.0028651026,0.9968414
1,1,1,0.022411723,0.97663635,0.00095191476
1,1,1,0.01370021,0.9844414,0.0018583703
2,2,2,0.00053344684,0.0021399774,0.99732655
2,2,2,0.00031703914,0.0066274256,0.9930555
0,1,1,0.34597808,0.6527561,0.0012657908
1,1,1,0.032244433,0.9669733,0.0007822393
2,2,2,0.00024626055,0.0020257544,0.997728
2,2,2,0.0010518875,0.0027193823,0.9962287
1,1,1,0.20420969,0.7932499,0.0025404072
1,1,1,0.08389227,0.9144266,0.0016810654
2,2,2,0.00014823403,0.0011609839,0.9986908
1,1,1,0.00800813,0.9911818,0.0008101116
2,2,2,0.00015898277,0.0039531104,0.99588794
2,2,2,0.0019828144,0.0035518024,0.9944654
1,1,1,0.015123823,0.98315895,0.0017172092
1,1,1,0.024694571,0.9742356,0.0010698831
1,1,1,0.24265474,0.7550729,0.0022723377
2,2,2,0.00016189385,0.0013960305,0.9984421
1,1,1,0.35245124,0.6453339,0.002214915
0,1,1,0.2523729,0.7466133,0.0010137669
1,1,1,0.14879,0.84898984,0.0022201233
2,2,2,0.00062886544,0.0020731227,0.99729806
1,1,1,0.043958332,0.9536913,0.0023503406
1,1,1,0.094889544,0.90391177,0.0011986878
1,1,1,0.037711814,0.9611816,0.0011066066
1,1,1,0.05727725,0.94159555,0.0011271982
2,2,2,0.0006465298,0.001324272,0.99802923
2,2,2,0.001830198,0.0020357068,0.9961341
1,1,1,0.22744301,0.76999104,0.0025659162
1,1,1,0.07727718,0.921048,0.0016748485
2,2,2,0.0007962471,0.0031844096,0.99601936
1,1,1,0.27478567,0.7225655,0.0026488767
1,1,1,0.006025453,0.99287426,0.0011003063
0,1,1,0.32980335,0.6683052,0.0018914504
1,1,1,0.09209045,0.90605074,0.0018588062
1,1,1,0.17509854,0.82301813,0.001883358
1,1,1,0.021242041,0.97766167,0.0010962558
1,1,1,0.006667687,0.99244165,0.00089062727
1,1,1,0.24959797,0.74842536,0.0019766854
2,2,2,0.0004356345,0.0027140365,0.9968503
1,1,1,0.013032895,0.9843203,0.002646837
2,2,2,0.00019751827,0.0012359744,0.9985665
1,1,1,0.0959397,0.90210074,0.0019596422
2,2,2,0.00029122012,0.0036835507,0.99602526
1,1,1,0.024923062,0.9731711,0.0019057974
2,2,2,0.00013971835,0.0011464297,0.99871385
1,1,1,0.09888853,0.89923626,0.0018752565
1,1,1,0.037111245,0.9620301,0.0008586394
1,1,1,0.23591733,0.7623452,0.001737495
1,1,1,0.03209528,0.9666282,0.0012765497
1,1,1,0.0832872,0.915148,0.0015647614
1,1,1,0.0089708865,0.9898761,0.0011530116
1,1,1,0.012040452,0.987264,0.00069560384
1,1,1,0.031460755,0.9674603,0.0010789632
1,1,1,0.23743896,0.7607334,0.0018276352
2,2,2,0.0015556423,0.0015123537,0.99693197
1,1,1,0.095192105,0.90324867,0.0015591981
1,1,1,0.019336658,0.978766,0.0018972751
2,2,2,0.0013522252,0.003458218,0.99518955
2,2,2,0.0005373013,0.002098284,0.99736446
1,1,1,0.0306468,0.96757793,0.0017752259
1,1,1,0.18760595,0.810348,0.0020460808
0,1,1,0.14717673,0.85186356,0.00095969223
2,2,2,0.00019739658,0.00084157335,0.99896103
1,1,1,0.21334824,0.78484666,0.0018051119
1,1,1,0.02326902,0.97524756,0.0014834254
1,1,1,0.038133554,0.95951086,0.002355546
1,1,1,0.035218753,0.96348006,0.0013011926
1,1,1,0.12039603,0.87867254,0.00093140843
2,2,2,0.00024656954,0.0011292895,0.99862415
2,2,2,0.00021219364,0.0019921775,0.9977956
1,1,1,0.3934979,0.60485834,0.0016437266
1,1,1,0.063836,0.9338446,0.002319373
1,1,1,0.0415387,0.9570898,0.0013715022
1,1,1,0.08274078,0.9152447,0.002014502
2,2,2,0.00025027062,0.0011265555,0.99862313
1,1,1,0.22709164,0.771583,0.0013253655
1,1,1,0.18954258,0.8066577,0.0037997437
1,1,1,0.027652983,0.9713385,0.0010085512
1,1,1,0.05685562,0.94152504,0.0016193604
1,1,1,0.071016856,0.9270258,0.0019573777
1,1,1,0.013502881,0.9820723,0.0044248267
1,1,1,0.07352244,0.9257509,0.00072666013
2,2,2,0.00055150053,0.0036743344,0.9957742
1,1,1,0.23810671,0.7603589,0.0015343847
1,1,1,0.032461174,0.9660216,0.0015172628
1,1,1,0.02210696,0.975736,0.002157021
2,2,2,0.00045989396,0.004942083,0.9945981
2,2,2,0.0012724579,0.004584813,0.9941427
1,1,1,0.041751977,0.9567871,0.001460888
1,1,1,0.017793722,0.9815021,0.00070418714
1,1,1,0.17219107,0.82525814,0.002550818
1,1,1,0.054442286,0.94471055,0.0008471662
0,1,1,0.19267434,0.80612403,0.0012016327
2,2,2,0.00027792563,0.0023455685,0.99737644
1,1,1,0.08886121,0.9088473,0.0022914896
1,1,1,0.06942235,0.9294227,0.0011549406
1,1,1,0.32193097,0.6760791,0.0019898731
1,1,1,0.055244178,0.94286716,0.0018886293
1,1,1,0.28527686,0.71234345,0.002379733
1,1,1,0.19176361,0.80646104,0.0017753404
1,1,1,0.16493718,0.8331668,0.0018960435
2,2,2,0.00014030584,0.0033969043,0.99646276
1,1,1,0.0063969046,0.99269384,0.00090920785
2,2,2,0.00029886214,0.0016574875,0.99804366
1,1,1,0.0073002856,0.991483,0.0012167569
2,2,2,0.0001286836,0.00033140156,0.99954
1,1,1,0.047695056,0.9517339,0.0005710671
2,2,2,0.00094028754,0.003035009,0.99602467
2,2,2,0.00011853963,0.0017683847,0.9981131
1,1,1,0.06311312,0.93541265,0.0014742499
2,2,2,0.00019238383,0.0050951075,0.99471253
2,2,2,0.00071776425,0.00095076574,0.9983315
1,1,1,0.0175559,0.9817582,0.000685898
1,1,1,0.010959036,0.9858163,0.0032246476
1,1,1,0.04535099,0.95264477,0.0020042046
2,2,2,0.00050387747,0.0023804654,0.9971157
1,1,1,0.11539499,0.88290036,0.0017046919
1,1,1,0.14561881,0.85329044,0.0010907468
1,1,1,0.21033937,0.78863984,0.0010207744
1,1,1,0.053651612,0.94433725,0.0020112018
1,1,1,0.025307005,0.973651,0.0010420135
1,1,1,0.032554254,0.96584404,0.0016017426
1,1,1,0.022161536,0.9755334,0.0023049666
1,1,1,0.28181535,0.7172103,0.00097432634
1,1,1,0.048765257,0.94825506,0.0029796755
1,1,1,0.011219992,0.98686415,0.0019158933
1,1,1,0.00842525,0.99065274,0.0009220062
2,2,2,0.00023980402,0.0014074158,0.9983528
0,1,1,0.3005981,0.6975001,0.0019018042
1,1,1,0.0111399675,0.98738587,0.0014741054
1,1,1,0.021549921,0.97749436,0.0009557305
2,2,2,0.00030753395,0.003063227,0.99662924
1,1,1,0.12377014,0.8748462,0.0013836834
2,2,2,0.00043604546,0.0010550477,0.99850893
2,2,2,0.0002920128,0.0010028118,0.9987052
0,1,1,0.15093292,0.84675217,0.002314863
1,1,1,0.0056692767,0.993938,0.00039270186
2,2,2,0.0005680958,0.0035908297,0.995841
2,2,2,0.00034323818,0.0048935893,0.99476314
1,1,1,0.028042622,0.9706932,0.0012641735
1,1,1,0.044104513,0.95517164,0.0007239078
1,1,1,0.24431287,0.752404,0.0032831514
2,2,2,0.00029347185,0.0010268094,0.99867976
1,1,1,0.040216014,0.9581321,0.0016518947
1,1,1,0.021669855,0.97731954,0.0010106344
2,2,2,0.00037818364,0.006052875,0.99356896
1,1,1,0.021785228,0.97709787,0.0011169548
1,1,1,0.03863241,0.9591228,0.002244815
1,1,1,0.06048809,0.938508,0.0010039089
1,1,1,0.107765295,0.8902776,0.0019570803
1,1,1,0.34874,0.64835477,0.0029052524
1,1,1,0.025721157,0.97319204,0.0010867862
2,2,2,0.0008867268,0.0013202967,0.99779296
1,1,1,0.008299256,0.99088174,0.0008190633
2,2,2,0.0009213832,0.0041255904,0.99495304
0,1,1,0.1999618,0.7983903,0.0016478664
1,1,1,0.022807969,0.9754448,0.0017472524
1,1,1,0.27695796,0.72039247,0.0026496195
1,1,1,0.07311083,0.92521405,0.0016751201
2,2,2,0.00014549146,0.001692893,0.9981617
1,1,1,0.03409985,0.96513814,0.0007619818
2,2,2,0.001504098,0.0023510896,0.9961448
1,1,1,0.07410865,0.92231464,0.0035767397
2,2,2,0.00024016266,0.001756672,0.9980032
1,1,1,0.017604405,0.9807568,0.0016387851
2,2,2,0.0006456558,0.0018477741,0.99750656
1,0,1,0.4924872,0.5045808,0.0029320163
1,1,1,0.22867803,0.76877046,0.0025515228
1,1,1,0.02516231,0.97380644,0.0010312609
1,1,1,0.086085185,0.91174114,0.0021736831
2,2,2,0.00080090767,0.00087585626,0.99832326
2,2,2,0.00022420178,0.00028130025,0.9994945
2,2,2,0.00062205613,0.0039844573,0.99539346
1,1,1,0.11299274,0.8847482,0.0022590826
2,2,2,0.00024272992,0.003260406,0.9964969
2,2,2,0.0001291756,0.0003729584,0.9994979
2,2,2,0.0007768094,0.003137814,0.9960854
1,1,1,0.0103817545,0.98856914,0.0010491242
1,1,1,0.07436189,0.9241591,0.0014789583
1,1,1,0.027840635,0.97026044,0.0018989391
1,1,1,0.1038102,0.89506304,0.0011267546
1,1,1,0.135511,0.8618741,0.0026149747
1,1,1,0.0149746975,0.98390156,0.0011237183
2,2,2,0.00028982392,0.0014928158,0.9982174
0,1,1,0.18075329,0.81760716,0.0016395724
1,1,1,0.009687894,0.98784477,0.0024673438
1,1,1,0.020925684,0.97782004,0.0012542866
1,1,1,0.13051048,0.86863995,0.0008496345
1,1,1,0.29553467,0.7022337,0.002231642
1,1,1,0.0074041015,0.9893739,0.0032219477
1,1,1,0.02069849,0.97809887,0.0012026343
1,1,1,0.012353816,0.9847581,0.0028880537
1,1,1,0.071792915,0.92702746,0.0011796147
2,2,2,0.00015132168,0.002782945,0.9970658
1,1,1,0.18220942,0.81543577,0.0023548366
2,2,2,0.00031255026,0.0021421162,0.99754536
2,2,2,0.00013673137,0.0031478554,0.9967154
2,2,2,0.00061588566,0.0032812713,0.99610287
2,2,2,0.0003808796,0.0036699,0.9959492
1,1,1,0.035157032,0.9638363,0.0010066914
1,1,1,0.010733448,0.9879193,0.0013473084
1,1,1,0.037068836,0.9606481,0.0022829873
2,2,2,0.00029047087,0.0037133805,0.9959962
1,1,1,0.114543825,0.8839816,0.0014745495
1,1,1,0.23283347,0.7662066,0.000959861
2,2,2,0.00019594077,0.0044330563,0.99537104
1,1,1,0.012811909,0.98470074,0.002487393
1,1,1,0.3910691,0.6078938,0.0010370327
2,2,2,0.00015339533,0.0013163171,0.99853027
1,1,1,0.31619817,0.6819685,0.0018332999
1,1,1,0.12388289,0.87451637,0.0016007053
1,1,1,0.12797073,0.8702532,0.0017761174
1,1,1,0.18685527,0.8116195,0.0015252258
1,1,1,0.34310815,0.6549511,0.0019407653
1,1,1,0.07777077,0.92068005,0.0015492482
0,1,1,0.29511726,0.70271474,0.0021680086
0,1,1,0.07865354,0.9198334,0.0015130381
0,0,0,0.5511767,0.44803214,0.0007911105
2,2,2,0.0011253557,0.0047030053,0.9941717
2,2,2,0.00017179124,0.00094864203,0.9988796
1,1,1,0.10297435,0.89503473,0.0019909434
1,1,1,0.061832346,0.93608254,0.0020850413
2,2,2,0.0005412578,0.0019042135,0.99755454
1,1,1,0.047747217,0.950189,0.002063726
2,2,2,0.00018922964,0.00057739473,0.9992334
1,1,1,0.007567222,0.99148077,0.0009519917
2,2,2,9.169673e-05,0.001198317,0.99871004
2,2,2,0.0003818157,0.0006881111,0.9989301
2,2,2,0.0001741545,0.002130414,0.99769545
2,2,2,0.0007362576,0.0042092,0.99505454
1,1,1,0.0057872366,0.993104,0.0011088228
2,2,2,0.0013446291,0.0025722105,0.99608314
1,1,1,0.128262,0.8700558,0.0016822257
2,2,2,0.00042443848,0.003289545,0.99628603
1,1,1,0.108521596,0.8900257,0.0014527912
0,1,1,0.057889722,0.9411101,0.0010002339
2,2,2,0.0021207307,0.0038602394,0.99401903
2,2,2,0.00026679048,0.002283058,0.9974502
2,2,2,0.0007497522,0.0038523662,0.9953979
2,2,2,0.0005198725,0.006135512,0.9933446
1,1,1,0.021932958,0.9765991,0.0014679155
1,1,1,0.023887746,0.97540355,0.0007086528
1,1,1,0.2643578,0.73373276,0.0019094968
1,1,1,0.01212738,0.9857388,0.0021337958
1,1,1,0.01439049,0.98407197,0.0015375991
2,2,2,0.00026426418,0.0010024576,0.99873334
1,1,1,0.12210777,0.873362,0.0045302226
0,1,1,0.22912447,0.76882124,0.0020542892
2,2,2,0.0012717842,0.0020515297,0.9966767
2,2,2,0.00083029346,0.00062543567,0.9985443
2,2,2,0.0012947425,0.0038283104,0.9948769
1,1,1,0.005941898,0.9930197,0.0010384242
0,1,1,0.3806239,0.6179321,0.0014439892
0,1,1,0.06902842,0.9295067,0.0014648595
2,2,2,0.00014802298,0.0022864072,0.99756557
0,1,1,0.190377,0.80810136,0.0015216044
2,2,2,0.00044475312,0.0024068295,0.9971484
1,1,1,0.007141823,0.9916876,0.0011705804
2,2,2,0.00039862658,0.003178102,0.99642324
2,2,2,0.0011354984,0.00362941,0.9952351
1,1,1,0.0346385,0.963653,0.0017085441
1,1,1,0.026370479,0.9725927,0.0010368334
1,1,1,0.23081629,0.7671801,0.0020035887
2,2,2,0.0014177656,0.0026939632,0.9958883
1,1,1,0.035106998,0.9643501,0.00054290704
2,2,2,0.00049610564,0.0016320046,0.99787194
2,2,2,0.0001588345,0.00093529886,0.99890584
2,2,2,0.00015478744,0.0044565103,0.99538875
1,1,1,0.00646718,0.99207634,0.0014564851
1,1,1,0.0064501856,0.9921367,0.0014130843
2,2,2,0.0016354083,0.0036028926,0.9947617
1,1,1,0.0062810755,0.9927537,0.00096520106
2,2,2,0.0014659608,0.0031247486,0.9954093
0,1,1,0.38247302,0.615683,0.0018440012
1,1,1,0.062830515,0.9358073,0.0013622309
2,2,2,0.00048681695,0.0020780475,0.9974351
1,1,1,0.006692846,0.9919248,0.0013823803
2,2,2,0.0012278047,0.0027991738,0.995973
2,2,2,0.001751265,0.0032950353,0.99495375
0,1,1,0.34752077,0.6507688,0.0017104299
1,1,1,0.0334114,0.9654792,0.0011093672
2,2,2,0.00017753885,0.0022401884,0.99758226
2,2,2,0.00013111976,0.00045218697,0.9994167
1,1,1,0.02040793,0.97717834,0.0024137578
2,2,2,0.00015755901,0.001178541,0.9986639
1,1,1,0.17992832,0.8191917,0.00088005513
1,1,1,0.034409482,0.9636603,0.0019302657
2,2,2,0.00016766273,0.00054479076,0.99928755
2,2,2,0.00015694102,0.0008196268,0.99902344
1,1,1,0.008301797,0.9909323,0.00076591905
2,2,2,0.0011741589,0.0010885935,0.9977372
0,1,1,0.29918486,0.6991948,0.0016203604
1,1,1,0.07990828,0.91859233,0.0014994112
2,2,2,9.253914e-05,0.0011098434,0.99879766
1,1,1,0.007100188,0.9924374,0.00046234534
1,1,1,0.018599425,0.979696,0.001704576
1,1,1,0.056423236,0.94135344,0.002223292
2,2,2,0.00017373102,0.001802377,0.99802387
2,2,2,0.00049655954,0.0026880025,0.99681544
1,1,1,0.27959925,0.71872526,0.0016755022
1,1,1,0.04664128,0.95099074,0.0023680176
1,1,1,0.04279128,0.956151,0.0010577667
1,1,1,0.008637008,0.99040216,0.00096086453
1,1,1,0.04542767,0.95308226,0.0014900924
2,2,2,0.0008816651,0.0032166257,0.9959017
2,2,2,0.0006176955,0.0015131676,0.99786913
2,2,2,0.0001502017,0.0032961948,0.99655366
1,1,1,0.07012136,0.9284098,0.0014688829
1,1,1,0.43584955,0.56223613,0.0019143095
2,2,2,0.0002270338,0.0035744812,0.9961985
2,2,2,0.002093409,0.006019964,0.9918866
2,2,2,6.6992674e-05,7.4491734e-05,0.99985856
1,1,1,0.008316272,0.990864,0.00081972516
1,1,1,0.116378896,0.8816815,0.0019396191
2,2,2,0.0014554273,0.0036572283,0.99488735
0,1,1,0.028908255,0.9693115,0.0017802466
1,1,1,0.21752277,0.78122514,0.0012520605
2,2,2,0.00043448128,0.0041482053,0.9954173
2,2,2,8.1089616e-05,0.000120099015,0.99979883
1,1,1,0.28206334,0.7169171,0.0010195895
1,1,1,0.210282,0.78850174,0.0012162314
1,1,1,0.020871093,0.9783568,0.0007721041
1,1,1,0.03560354,0.9622271,0.0021693413
1,1,1,0.02640273,0.97225845,0.0013387783
2,2,2,0.0006463056,0.002742343,0.99661136
1,1,1,0.047575902,0.9511239,0.0013002012
1,1,1,0.32186055,0.67682314,0.0013163033
2,2,2,0.0004924355,0.0016260705,0.99788153
1,1,1,0.021538725,0.9771318,0.0013294955
2,2,2,0.00036428997,0.0033937155,0.996242
1,1,1,0.14573392,0.8528709,0.0013951586
2,2,2,0.0005394307,0.005290632,0.99416995
0,1,1,0.1394558,0.8591539,0.0013903274
1,1,1,0.085746475,0.91271836,0.0015351832
1,1,1,0.024893725,0.9732005,0.0019057874
2,2,2,0.00033949356,0.0016066812,0.99805385
1,1,1,0.22458734,0.7736712,0.0017414712
2,2,2,0.0005640368,0.001749844,0.9976861
2,2,2,0.0010647103,0.0027000746,0.9962352
1,1,1,0.03428029,0.9648181,0.0009015762
1,1,1,0.044959415,0.95348924,0.0015513011
1,1,1,0.25258446,0.7448199,0.0025956475
2,2,2,0.0005320664,0.0023132302,0.9971548
2,2,2,0.0004632313,0.004203799,0.99533296
1,1,1,0.09227885,0.9058585,0.001862664
2,2,2,0.00017425398,0.00076853746,0.99905723
0,1,1,0.3472091,0.65108055,0.0017103484
1,1,1,0.009322397,0.98936,0.0013176079
1,1,1,0.055966258,0.9436473,0.00038643958
2,2,2,0.00078965357,0.0008180846,0.9983922
1,1,1,0.17245287,0.82592225,0.0016248799
1,1,1,0.011239143,0.9877409,0.0010199749
2,2,2,0.000370592,0.0038247951,0.99580455
2,2,2,0.00055932655,0.0038099978,0.9956307
2,2,2,0.0002724042,0.007120378,0.99260724
1,1,1,0.29533252,0.7031385,0.0015290732
2,2,2,0.0018406757,0.0019909723,0.9961683
2,2,2,0.00014818968,0.0019010168,0.9979508
0,1,1,0.12177723,0.87639797,0.0018248555
2,2,2,0.0006518958,0.0036025236,0.9957456
0,1,1,0.1530515,0.84418,0.0027684562
2,2,2,0.0011149808,0.0048892777,0.9939957
1,1,1,0.075108185,0.9237681,0.0011237151
1,1,1,0.03761779,0.960171,0.0022112613
2,2,2,0.00012287086,0.0068232925,0.99305385
1,1,1,0.025633736,0.9733225,0.0010437957
1,1,1,0.16214585,0.83614504,0.0017091781
1,1,1,0.023563262,0.9737555,0.0026813287
2,2,2,0.0004104368,0.0029197205,0.9966699
1,1,1,0.022452366,0.97647893,0.0010686701
1,1,1,0.2768418,0.7213242,0.0018340418
2,2,2,0.00174628,0.0028278804,0.9954259
1,1,1,0.15336128,0.84483397,0.0018047107
2,2,2,0.0012208263,0.0028233211,0.9959558
2,2,2,0.00014829428,0.0028204212,0.99703133
1,1,1,0.11226731,0.8864632,0.0012694839
2,2,2,6.549066e-05,0.0006194419,0.9993151
1,1,1,0.009105443,0.989556,0.0013385337
2,2,2,0.00022743495,0.0009458923,0.9988267
2,2,2,0.0003269747,0.002388799,0.99728423
1,1,1,0.027346393,0.97148824,0.001165308
2,2,2,0.00023066044,0.00075826776,0.99901104
1,1,1,0.011993089,0.9865824,0.0014245723
1,1,1,0.011615318,0.98739934,0.0009853834
2,2,2,0.00073402654,0.005187474,0.9940785
1,1,1,0.23497944,0.7628151,0.0022054075
2,2,2,0.0004784773,0.002855542,0.996666
2,2,2,0.0011527011,0.0009807186,0.9978666
1,1,1,0.13267761,0.865141,0.0021814562
2,2,2,0.0004214985,0.002225968,0.9973526
1,1,1,0.012774495,0.98384535,0.0033801545
1,1,1,0.06771495,0.9311975,0.0010875261
1,1,1,0.07893016,0.91989666,0.001173133
0,1,1,0.17506398,0.82245445,0.0024815195
0,1,1,0.017796062,0.9815485,0.0006554828
2,2,2,0.00014241027,0.0006629891,0.9991946
2,2,2,0.00021728725,0.0027309072,0.99705184
1,1,1,0.02473261,0.97329795,0.0019694173
2,2,2,0.0008190186,0.0028002062,0.99638075
2,2,2,0.00025394917,0.0010925757,0.9986535
0,1,1,0.05561712,0.942729,0.0016539074
1,1,1,0.048943587,0.94843787,0.002618553
2,2,2,0.00014545537,0.0012235312,0.99863106
2,2,2,7.367657e-05,0.0013212942,0.9986051
1,1,1,0.018829606,0.98016304,0.0010073273
1,1,1,0.09818001,0.9002008,0.0016192009
2,2,2,0.0007522392,0.0016142509,0.9976335
2,2,2,0.00025037827,0.0013136266,0.99843603
1,1,1,0.005269974,0.9937395,0.0009905042
2,2,2,0.0002456476,0.0008860649,0.99886835
2,2,2,0.0007127743,0.0040468657,0.9952404
2,2,2,6.7915076e-05,0.0004380443,0.9994941
1,1,1,0.09364551,0.90484476,0.0015097263
2,2,2,0.0011536328,0.0011241123,0.99772227
2,2,2,0.0010760973,0.0046894383,0.99423444
1,1,1,0.35238504,0.64640963,0.0012053291
1,1,1,0.11599006,0.8824343,0.0015756417
1,1,1,0.07853967,0.9202772,0.0011831749
2,2,2,0.0005868481,0.0024165378,0.99699664
1,1,1,0.08134924,0.9171674,0.001483289
2,2,2,0.001702953,0.0023971668,0.9958999
1,1,1,0.05179288,0.94675374,0.0014533866
1,1,1,0.019287879,0.9799113,0.00080080266
1,1,1,0.19971651,0.79772115,0.0025623045
2,2,2,0.00014282,0.0006727323,0.9991844
1,1,1,0.39958513,0.59825736,0.0021574998
2,2,2,0.00026439838,0.0011641182,0.9985715
2,2,2,0.0011816391,0.0019133615,0.996905
1,1,1,0.008361094,0.9907813,0.0008576647
1,1,1,0.063463144,0.9344008,0.0021361122
1,1,1,0.18279031,0.8159484,0.0012612328
2,2,2,0.00014801316,0.0023732933,0.9974787
1,1,1,0.0064692413,0.9925538,0.0009770133
1,1,1,0.10499303,0.8935014,0.0015056058
1,1,1,0.018228514,0.98101985,0.00075159554
1,1,1,0.23475249,0.76299345,0.0022540444
1,1,1,0.014297653,0.9845838,0.0011185497
1,1,1,0.005917373,0.9927645,0.0013181596
2,2,2,0.00018152928,0.0005384298,0.99928004
1,1,1,0.1806624,0.81712127,0.0022163917
1,1,1,0.056913618,0.94193894,0.0011474551
2,2,2,0.0014443321,0.0043872506,0.9941684
1,1,1,0.2034551,0.79447067,0.002074202
1,1,1,0.052237775,0.944934,0.0028281873
2,2,2,0.00036032783,0.0038975799,0.995742
1,1,1,0.2971919,0.7005374,0.002270714
2,2,2,0.00012587965,0.0013319881,0.99854213
2,2,2,0.0016717775,0.0040310468,0.9942972
1,1,1,0.14976451,0.8482582,0.0019773385
1,1,1,0.038792867,0.9603422,0.00086497766
1,1,1,0.09732952,0.9012867,0.0013837292
1,1,1,0.013567936,0.98201233,0.0044197324
1,1,1,0.032180183,0.96454,0.0032797533
2,2,2,0.0010473412,0.0031081273,0.9958446
2,2,2,0.0017612886,0.0024070507,0.9958317
0,1,1,0.13583514,0.86331123,0.000853577
1,1,1,0.015146075,0.98286223,0.0019917383
1,1,1,0.03230543,0.9669896,0.00070496445
0,1,1,0.044471614,0.9544239,0.0011044213
1,1,1,0.073305264,0.9252065,0.0014882832
1,1,1,0.030175194,0.96789986,0.0019249786
2,2,2,0.0006524855,0.005403677,0.9939438
1,1,1,0.19244236,0.8043384,0.0032192233
2,2,2,0.0005519685,0.0013026622,0.9981454
1,1,1,0.17596495,0.8224636,0.0015715006
1,1,1,0.007016811,0.9915988,0.0013843453
1,1,1,0.00831376,0.990198,0.0014881671
1,1,1,0.08839074,0.90912634,0.002482853
2,2,2,0.00025282384,0.002172258,0.9975749
0,1,1,0.36240616,0.6362219,0.001371937
2,2,2,0.0015617842,0.001231153,0.99720705
1,1,1,0.07496639,0.9230915,0.0019420263
1,1,1,0.014840118,0.98330206,0.0018578762
2,2,2,0.00044564655,0.0070591653,0.99249524
0,1,1,0.2977517,0.701027,0.0012212978
1,1,1,0.021080567,0.9779202,0.0009992825
1,1,1,0.007023814,0.9914988,0.0014773933
1,1,1,0.017239006,0.98171234,0.0010486239
1,1,1,0.0728986,0.9253894,0.001711994
1,1,1,0.01584612,0.98295885,0.0011950356
1,1,1,0.006302011,0.9918977,0.0018002744
1,1,1,0.101545006,0.8970567,0.0013983172
1,1,1,0.043230783,0.9557115,0.0010577715
1,1,1,0.2615354,0.73612237,0.0023422425
1,1,1,0.00911067,0.9897362,0.0011531468
1,1,1,0.041847423,0.95671076,0.0014417687
2,2,2,0.00064488815,0.0039774687,0.9953777
1,1,1,0.067546636,0.9315986,0.00085469475
2,2,2,0.00021188147,0.0014402771,0.9983479
2,2,2,0.00051707914,0.0025723798,0.9969105
2,2,2,0.0003540379,0.0032071683,0.9964388
1,1,1,0.031425852,0.9665785,0.0019956625
2,2,2,0.0003901148,0.003718708,0.9958912
2,2,2,0.00025070776,0.0011265243,0.9986228
1,1,1,0.06272322,0.93616927,0.0011075211
1,1,1,0.08360437,0.91520846,0.0011871915
1,1,1,0.15616734,0.8429566,0.0008760348
2,2,2,0.00014997432,0.0032153414,0.9966347
2,2,2,0.00021373622,0.0016978371,0.9980884
1,1,1,0.013828228,0.9837094,0.0024624066
2,2,2,0.00017639223,0.00059330685,0.9992303
2,2,2,0.0002221159,0.004753562,0.9950243
1,1,1,0.03510398,0.9641264,0.0007695986
2,2,2,0.00020522164,0.0031429925,0.99665177
1,1,1,0.018606896,0.97961175,0.0017813894
1,1,1,0.014257324,0.98526376,0.000478866
2,2,2,0.00072416913,0.0038948013,0.995381
1,1,1,0.0059109274,0.99338764,0.0007014663
2,2,2,0.00040997358,0.0015737294,0.99801636
1,1,1,0.32856736,0.66974574,0.0016868676
2,2,2,0.0006260357,0.004649794,0.9947242
1,1,1,0.07118925,0.926257,0.0025537077
2,2,2,6.5031636e-05,0.0012953776,0.9986396
1,1,1,0.31191677,0.68629,0.0017931872
1,1,1,0.13683532,0.86149114,0.0016735032
2,2,2,0.0005225119,0.002616226,0.9968613
1,1,1,0.0070433063,0.9879911,0.004965552
0,1,1,0.13296983,0.86581606,0.0012141425
2,2,2,0.000125515,0.00047103077,0.9994035
2,2,2,0.00027172815,0.0017431657,0.9979851
2,2,2,0.0008984375,0.004801207,0.99430037
1,1,1,0.05877836,0.9393826,0.0018389893
1,1,1,0.12759058,0.8709621,0.0014473171
0,1,1,0.033925164,0.9637411,0.0023337072
1,1,1,0.2029123,0.7948118,0.002275947
1,1,1,0.028558787,0.9640643,0.0073768725
0,1,1,0.39808086,0.6002448,0.0016743228
1,1,1,0.13734798,0.86112195,0.0015300283
2,2,2,0.00047000404,0.0019230889,0.99760693
1,1,1,0.04632211,0.95192397,0.0017539865
2,2,2,0.00013132187,0.0041504223,0.99571824
0,1,1,0.048876543,0.9484147,0.0027088074
0,1,1,0.075062536,0.9236791,0.0012583414
1,1,1,0.1385251,0.8589139,0.0025609669
1,1,1,0.19894162,0.7989713,0.0020870378
1,1,1,0.082467094,0.91585875,0.0016741927
1,1,1,0.008454481,0.99018216,0.0013634132
1,1,1,0.022377156,0.9745645,0.0030583187
2,2,2,0.0005732372,0.0053106043,0.9941161
1,1,1,0.06140162,0.9361386,0.0024598008
1,1,1,0.04851602,0.9496148,0.0018691553
1,1,1,0.00741662,0.9918895,0.0006939057
1,1,1,0.11111176,0.8876821,0.0012062207
2,2,2,0.001763551,0.0036575506,0.9945789
2,2,2,0.00053027086,0.0020378416,0.9974318
1,1,1,0.078445606,0.92017645,0.0013779815
2,2,2,0.00013083508,0.00044773245,0.9994215
1,1,1,0.017566593,0.9805461,0.0018872726
1,1,1,0.15067442,0.8483669,0.0009587559
1,1,1,0.0249959,0.9742237,0.0007803951
1,1,1,0.094327785,0.90317553,0.002496656
2,2,2,0.0002935481,0.0028650966,0.9968414
1,1,1,0.03381894,0.9650727,0.0011083947
1,1,1,0.08229761,0.9160202,0.001682172
2,2,2,0.00023900527,0.003049667,0.9967113
1,1,1,0.008963626,0.9866555,0.0043808934
2,2,2,0.0008951147,0.0013222608,0.9977826
2,2,2,0.0011715253,0.0011344021,0.9976941
0,0,0,0.5479807,0.44954312,0.0024761746
1,1,1,0.2404141,0.7579995,0.0015863847
2,2,2,0.0002625138,0.0013575897,0.9983799
1,1,1,0.10498549,0.8930351,0.0019793839
2,2,2,0.0015564171,0.002884332,0.9955593
2,2,2,0.00047301652,0.0019552684,0.9975717
1,1,1,0.02479613,0.9741949,0.0010090264
2,2,2,0.0017569631,0.003302365,0.99494064
1,1,1,0.03423715,0.9645123,0.0012505654
1,1,1,0.028340923,0.9702008,0.0014582602
1,1,1,0.08181472,0.9164587,0.0017265154
1,1,1,0.05344286,0.9448604,0.001696706
1,1,1,0.26297608,0.7353239,0.0016999954
1,1,1,0.098050326,0.9009449,0.0010048283
1,1,1,0.00783615,0.9910648,0.0010990374
2,2,2,0.0015344381,0.0035885728,0.9948769
2,2,2,0.00017609284,0.00041816907,0.99940574
1,1,1,0.154755,0.84318435,0.0020606134
1,1,1,0.0052397414,0.9929751,0.0017850985
1,1,1,0.071753085,0.9267955,0.0014514208
2,2,2,6.414167e-05,8.172609e-05,0.99985415
2,2,2,0.0008131689,0.0045432677,0.99464357
1,1,1,0.24935773,0.74951047,0.001131868
0,1,1,0.0735967,0.924666,0.0017372915
1,1,1,0.032358475,0.9667256,0.00091593765
2,2,2,0.00025050904,0.0009483354,0.9988012
0,1,1,0.062367145,0.9360639,0.0015690232
2,2,2,0.0007926872,0.002937334,0.99627
1,1,1,0.011024455,0.9848423,0.004133212
1,1,1,0.088916235,0.90924025,0.0018435711
2,2,2,0.0014846415,0.0036029054,0.99491245
1,1,1,0.25758377,0.73735535,0.0050609065
1,1,1,0.01875886,0.9794598,0.0017813763
2,2,2,0.001760428,0.002790808,0.99544877
1,1,1,0.17031728,0.82814395,0.0015388506
1,1,1,0.015892275,0.9820867,0.0020210268
2,2,2,0.0010973463,0.003257044,0.9956456
1,1,1,0.1465326,0.8523384,0.0011290552
2,2,2,0.00014971313,0.0035379548,0.9963124
1,1,1,0.010630611,0.9877938,0.0015755525
2,2,2,0.0002611028,0.0012185504,0.9985204
1,1,1,0.019066403,0.9801755,0.00075809145
1,1,1,0.05846432,0.9385514,0.0029842784
1,1,1,0.11884751,0.87975687,0.0013956317
1,1,1,0.028907685,0.9697008,0.0013914903
2,2,2,0.0018781528,0.0020421804,0.9960797
1,1,1,0.0065411744,0.99202234,0.0014364669
2,2,2,0.0003435558,0.0035139334,0.99614257
2,2,2,0.00041858657,0.0035141509,0.9960673
1,1,1,0.05325347,0.94529396,0.001452587
2,2,2,0.00024512346,0.0035873926,0.99616754
2,2,2,0.0005437242,0.003093692,0.9963626
2,2,2,0.00070739654,0.0022425444,0.99705005
2,2,2,0.00048513475,0.0016002452,0.9979146
1,1,1,0.19801465,0.7998473,0.0021380787
1,1,1,0.08559175,0.9120997,0.0023085545
0,1,1,0.028527264,0.97056055,0.00091221475
2,2,2,6.9368914e-05,0.0007585435,0.9991721
1,1,1,0.11929737,0.8762908,0.0044117356
1,1,1,0.0360037,0.96167666,0.0023196621
1,1,1,0.011785076,0.98718613,0.0010288026
1,1,1,0.048219908,0.9505687,0.0012114497
1,1,1,0.0185668,0.97956085,0.001872294
2,2,2,0.00064258225,0.0012017703,0.99815565
2,2,2,0.0006789811,0.0021694237,0.9971516
1,1,1,0.031806014,0.96733963,0.00085437426
0,1,1,0.28576374,0.7107161,0.0035201265
1,1,1,0.027627418,0.97036964,0.0020029743
1,1,1,0.024621328,0.9729104,0.00246829
2,2,2,0.0008832032,0.0019820118,0.9971348
1,1,1,0.00649665,0.9927123,0.00079103064
1,1,1,0.036885235,0.9606918,0.0024229423
1,1,1,0.04584451,0.9527228,0.001432684
1,1,1,0.049967572,0.9484375,0.0015948961
2,2,2,0.00032901423,0.0072420537,0.99242896
2,2,2,0.00025220757,0.0013191706,0.9984286
1,1,1,0.0876591,0.91003096,0.0023099696
2,2,2,8.4061125e-05,0.0026570763,0.9972589
1,1,1,0.04840524,0.95065457,0.0009402736
2,2,2,0.0004401868,0.0019926855,0.9975672
1,1,1,0.18600656,0.812171,0.0018224297
1,1,1,0.07482731,0.92436564,0.00080708234
2,2,2,0.0010145851,0.003194899,0.9957905
0,1,1,0.16269223,0.8363367,0.00097104855
1,1,1,0.011526899,0.9875202,0.000952841
2,2,2,0.00039920353,0.0056622447,0.99393857
2,2,2,0.0014463172,0.0033075188,0.9952462
1,1,1,0.4345108,0.5617394,0.003749856
1,1,1,0.069382206,0.92946535,0.0011523995
2,2,2,0.00026387206,0.0020930008,0.9976432
1,1,1,0.0071184873,0.9914952,0.0013863604
1,1,1,0.07791575,0.91989,0.0021942735
2,2,2,0.00016069907,0.0003151118,0.9995242
2,2,2,0.00062845275,0.0013324624,0.9980391
1,1,1,0.032853387,0.9650316,0.0021149267
2,2,2,0.0017105277,0.0028420943,0.9954474
1,1,1,0.036803775,0.9624393,0.0007569377
2,2,2,0.0022222565,0.0026227462,0.99515504
1,1,1,0.079975255,0.9186094,0.0014153401
1,1,1,0.11587888,0.8807724,0.0033487156
1,1,1,0.20551689,0.7923969,0.002086213
1,1,1,0.28495085,0.7130654,0.0019837955
2,2,2,0.00023857839,0.0028888686,0.99687254
0,1,1,0.12881725,0.8670511,0.004131636
1,1,1,0.23164006,0.76567143,0.0026885206
1,1,1,0.007988989,0.9877868,0.0042241965
2,2,2,0.0005047232,0.0032809568,0.9962143
2,2,2,0.0010825606,0.0035124167,0.995405
0,1,1,0.115730785,0.882621,0.0016482901
1,1,1,0.017974956,0.9796979,0.0023271537
2,2,2,0.0020379468,0.0023790633,0.995583
2,2,2,0.00016920065,0.0008162765,0.9990145
1,1,1,0.091724105,0.90714777,0.0011281738
1,1,1,0.019557437,0.9794344,0.0010082306
1,1,1,0.0783317,0.9208255,0.0008428366
1,1,1,0.02043376,0.9782804,0.001285819
1,1,1,0.061825156,0.9357373,0.0024375448
2,2,2,0.0008722653,0.001705932,0.9974218
1,1,1,0.2428283,0.7552475,0.0019242571
1,1,1,0.18343942,0.8132689,0.0032916411
2,2,2,0.0014933187,0.0032401092,0.99526656
2,2,2,0.00015074252,0.0008085212,0.9990407
1,1,1,0.042226955,0.9563814,0.0013916997
2,2,2,0.00021723876,0.0025525277,0.99723023
2,2,2,0.00015236277,0.0011442838,0.99870336
1,1,1,0.057990547,0.9406111,0.0013983172
1,1,1,0.06651977,0.9319245,0.0015556499
1,1,1,0.08086937,0.91763395,0.0014966738
1,1,1,0.10442429,0.89468724,0.000888495
1,1,1,0.033318777,0.9644925,0.0021886837
1,1,1,0.022591842,0.9764288,0.0009793522
2,2,2,7.3727584e-05,0.00062407786,0.9993022
2,2,2,0.00029127384,0.0036548818,0.9960539
1,1,1,0.010717131,0.9879356,0.0013472891
2,2,2,0.00044152205,0.0044087307,0.99514973
2,2,2,0.00038081885,0.0036699069,0.99594927
2,2,2,0.0014381132,0.004014437,0.9945474
1,1,1,0.061633404,0.93736476,0.0010018515
1,1,1,0.043471925,0.95477897,0.0017490376
1,1,1,0.22923528,0.76818776,0.0025769821
1,1,1,0.02974477,0.9689587,0.0012965363
2,2,2,0.00026477396,0.002291264,0.99744403
1,1,1,0.21526478,0.7835156,0.0012196549
1,1,1,0.1828805,0.8154929,0.0016265896
2,2,2,0.00042257828,0.0037881092,0.9957893
2,2,2,0.00038343982,0.0036360754,0.9959805
1,1,1,0.15968676,0.83803433,0.0022789156
1,1,1,0.1215795,0.8767695,0.0016510106
1,1,1,0.09152031,0.90734464,0.0011349772
2,2,2,0.0006790736,0.0047158822,0.994605
1,1,1,0.030236801,0.9682633,0.0014998855
1,1,1,0.2937459,0.70465124,0.0016028297
1,1,1,0.22895803,0.77001286,0.0010291006
2,2,2,0.00013820961,0.00045654827,0.99940526
1,1,1,0.013221445,0.9844531,0.0023254165
2,2,2,0.00023992074,0.0015345389,0.9982255
1,1,1,0.032920387,0.964828,0.0022515885
1,1,1,0.011191656,0.98741883,0.0013895143
1,1,1,0.18632227,0.8112969,0.002380886
2,2,2,0.00046469533,0.00061460165,0.99892074
0,1,1,0.04870808,0.9494136,0.0018783429
2,2,2,0.00038233656,0.011256165,0.98836154
1,1,1,0.11568209,0.8825991,0.0017187682
2,2,2,0.00076231355,0.003870685,0.995367
1,1,1,0.20715739,0.7898496,0.002993032
0,1,1,0.06898059,0.9289285,0.0020908553
1,1,1,0.19485928,0.80364066,0.0015000544
1,1,1,0.02208288,0.97644955,0.0014676141
1,1,1,0.17921877,0.8190611,0.00172016
1,1,1,0.014105664,0.98430693,0.0015874523
2,2,2,0.00038810642,0.0020402707,0.9975716
1,1,1,0.26613045,0.7319178,0.0019517314
1,1,1,0.10469029,0.89415044,0.001159273
1,1,1,0.06830148,0.9310491,0.00064940733
0,1,1,0.2078861,0.7895385,0.002575385
1,1,1,0.3245118,0.67386776,0.0016204101
1,1,1,0.033668555,0.96392095,0.0024105355
1,1,1,0.008747034,0.99037147,0.0008815141
1,1,1,0.028772365,0.9704546,0.00077302754
2,2,2,0.000117608695,0.0015883603,0.99829406
1,1,1,0.18176676,0.81550103,0.0027322453
2,2,2,0.00023097076,0.0016628368,0.99810624
2,2,2,0.0001250394,0.00084439875,0.9990306
2,2,2,9.7595206e-05,0.0027260196,0.9971764
2,2,2,0.00082742044,0.0030618808,0.9961107
1,1,1,0.0148456115,0.98362994,0.0015244674
1,1,1,0.05577805,0.9434074,0.0008145582
0,1,1,0.058852054,0.93831635,0.0028316416
1,1,1,0.022976954,0.9749027,0.002120326
1,1,1,0.02103985,0.9774708,0.0014893466
2,2,2,0.0008451052,0.0039834483,0.9951714
2,2,2,0.0009228827,0.0052911052,0.99378604
1,1,1,0.06510594,0.9328961,0.0019979924
2,2,2,0.0009136731,0.0018831334,0.99720323
1,1,1,0.17202802,0.82637554,0.0015964347
2,2,2,0.0012864851,0.0049508954,0.9937626
1,1,1,0.18931015,0.8086243,0.00206551
2,2,2,0.00030920136,0.001325345,0.99836546
1,1,1,0.10471144,0.8936921,0.0015964602
1,1,1,0.25628027,0.7410885,0.002631235
1,1,1,0.23342939,0.7645909,0.0019797087
1,1,1,0.030708652,0.96769947,0.0015918363
2,2,2,0.00093389646,0.0017979934,0.99726814
2,2,2,0.0003320513,0.00082987087,0.99883807
1,1,1,0.06170955,0.93723816,0.0010522583
1,1,1,0.007535817,0.9911105,0.0013536919
1,1,1,0.32376924,0.67430717,0.0019236163
1,1,1,0.030757481,0.96823925,0.0010032995
2,2,2,0.00015515104,0.0011206818,0.9987242
2,2,2,0.0005276125,0.001987081,0.99748534
1,1,1,0.03070434,0.96750796,0.0017877843
1,1,1,0.20775433,0.79124427,0.001001356
1,1,1,0.07688404,0.921981,0.0011349128
1,1,1,0.08135638,0.9171211,0.0015225771
1,1,1,0.1357159,0.862,0.0022841292
2,2,2,0.0011549536,0.002628701,0.9962163
1,1,1,0.16017166,0.8374431,0.002385296
2,2,2,0.0001696624,0.0021677127,0.99766266
2,2,2,0.0003994326,0.002420943,0.9971796
1,1,1,0.05674545,0.9401985,0.003056091
0,1,1,0.018074915,0.9804904,0.0014347188
2,2,2,0.00025303796,0.0038378306,0.9959091
1,1,1,0.07997095,0.9142753,0.0057537295
1,1,1,0.0066934666,0.9918833,0.0014232604
1,1,1,0.24467127,0.7543683,0.0009604743
2,2,2,9.4525225e-05,0.0009891355,0.9989164
1,1,1,0.12821563,0.8704775,0.0013069046
2,2,2,8.949632e-05,0.0014796661,0.99843085
1,1,1,0.048335213,0.94864476,0.0030200584
2,2,2,0.0005101408,0.005757122,0.99373275
2,2,2,0.00023343494,0.0034738095,0.99629277
2,2,2,0.00022151203,0.00253867,0.9972398
2,2,2,0.0003334954,0.0027899207,0.9968766
1,1,1,0.006371582,0.9925956,0.001032831
0,1,1,0.19464248,0.8034915,0.0018659953
1,1,1,0.006668453,0.9921288,0.0012027402
2,2,2,0.0003221185,0.0015493039,0.99812865
1,1,1,0.018626856,0.97956985,0.0018033317
0,1,1,0.09152745,0.9055284,0.0029441242
1,1,1,0.10255323,0.89527816,0.0021686023
1,1,1,0.28293905,0.7151528,0.001908166
1,1,1,0.023565063,0.9757161,0.00071888976
2,2,2,0.0011009439,0.0026900333,0.996209
2,2,2,0.0007202105,0.0022161105,0.99706364
1,1,1,0.4765206,0.5216756,0.0018038165
1,1,1,0.073401615,0.9247231,0.001875342
1,1,1,0.24201252,0.75697094,0.0010165565
2,2,2,0.0007545776,0.0033870183,0.99585843
2,2,2,0.0007604929,0.005563315,0.99367625
1,1,1,0.022736536,0.9755739,0.001689572
0,1,1,0.12053854,0.8773272,0.0021341806
2,2,2,0.0016421416,0.0019783366,0.99637955
2,2,2,0.00019709932,0.00063865184,0.9991643
2,2,2,0.00028030833,0.0017370124,0.9979827
1,1,1,0.018632682,0.97964716,0.0017201828
1,1,1,0.039644483,0.95801467,0.002340779
2,2,2,8.681624e-05,0.0013910097,0.9985222
1,1,1,0.22687662,0.7711376,0.0019858321
1,1,1,0.00625496,0.99316347,0.0005815533
2,2,2,0.00052172004,0.003255708,0.99622256
2,2,2,0.00042484174,0.00064216676,0.998933
2,2,2,0.00014859985,0.0030051474,0.99684626
2,2,2,0.0002532114,0.0031376977,0.9966091
1,1,1,0.008666649,0.9901812,0.0011521926
1,1,1,0.15102805,0.84694946,0.0020224766
1,1,1,0.19080055,0.80792254,0.0012768771
2,2,2,0.0011421124,0.0025225969,0.9963353
2,2,2,0.0001713408,0.00076570164,0.999063
1,1,1,0.021191126,0.977675,0.0011338763
2,2,2,0.00047033976,0.005133917,0.99439573
0,1,1,0.30295643,0.69543815,0.0016054647
1,1,1,0.07846772,0.920115,0.0014172479
2,2,2,0.00017202488,0.00079598743,0.999032
1,1,1,0.17586061,0.8205884,0.0035509337
1,1,1,0.10370238,0.8941852,0.0021123777
1,1,1,0.0063656354,0.99217796,0.0014563899
1,1,1,0.022981985,0.9757464,0.0012715907
1,1,1,0.026094975,0.97166914,0.0022359008
0,1,1,0.1269595,0.8721171,0.0009234
1,1,1,0.10471021,0.8931623,0.002127494
2,2,2,0.0008015435,0.0019267437,0.9972718
1,1,1,0.2963082,0.7018497,0.0018422
1,1,1,0.022070797,0.9764567,0.0014724658
1,1,1,0.43959817,0.55778366,0.0026181194
2,2,2,0.0017706668,0.0022888854,0.9959405
1,1,1,0.0257052,0.9723063,0.0019884934
2,2,2,0.0011858883,0.0025688044,0.99624527
2,2,2,7.101096e-05,0.0010478678,0.99888116
1,1,1,0.06385463,0.9329109,0.0032343934
2,2,2,0.0019181205,0.0037380538,0.9943438
1,1,1,0.04799082,0.95035243,0.0016567359
2,2,2,0.0001966552,0.002315174,0.99748814
1,1,1,0.015214304,0.9842958,0.0004898878
2,2,2,0.00017829433,0.0040195454,0.99580216
2,2,2,0.00046415374,0.0027683564,0.99676746
1,1,1,0.00783532,0.9910978,0.0010668273
2,2,2,0.00015164666,0.00092401064,0.9989243
2,2,2,0.002079942,0.0040454953,0.9938746
2,2,2,0.0014330343,0.0019523833,0.9966146
2,2,2,0.00019939958,0.003398746,0.9964019
2,2,2,0.00070922676,0.0015312863,0.99775946
1,1,1,0.030149613,0.9681831,0.0016672285
1,1,1,0.2771494,0.7215429,0.0013077303
1,1,1,0.06518116,0.9332065,0.0016123689
1,1,1,0.24640507,0.7522962,0.0012987371
1,1,1,0.24996781,0.74897736,0.0010547885
1,1,1,0.07299324,0.9249188,0.002087962
2,2,2,0.00025888378,0.0013804501,0.99836063
1,1,1,0.10086903,0.8980189,0.0011120638
1,1,1,0.036564168,0.962015,0.001420838
2,2,2,0.00075410167,0.0021008255,0.99714506
1,1,1,0.27993196,0.7190938,0.00097427494
2,2,2,0.0007622933,0.002412974,0.99682474
1,1,1,0.06023922,0.9390423,0.00071841973
1,1,1,0.2930155,0.7044829,0.002501584
2,2,2,0.0020076479,0.003794972,0.9941973
2,2,2,0.00022489465,0.006554878,0.9932202
1,1,1,0.03479168,0.9643028,0.00090554234
1,1,1,0.074656494,0.92226326,0.003080239
2,2,2,0.0011530906,0.0018642367,0.9969827
1,1,1,0.09081843,0.9076711,0.0015104684
1,1,1,0.03469506,0.9647628,0.00054216676
0,1,1,0.18475766,0.8136584,0.0015838698
2,2,2,0.00015025567,0.0012916399,0.9985581
0,1,1,0.3596942,0.6392721,0.0010336748
2,2,2,0.000454072,0.002951572,0.99659437
1,1,1,0.08582351,0.91310483,0.0010716164
2,2,2,0.0012740166,0.0024889752,0.996237
1,1,1,0.0062456834,0.99261355,0.0011407395
1,1,1,0.0055169277,0.992914,0.0015690391
1,1,1,0.013024679,0.9822189,0.00475644
1,1,1,0.07533084,0.92341715,0.0012520173
1,1,1,0.013906402,0.9848569,0.0012366499
2,2,2,0.0019015152,0.0027144577,0.995384
1,1,1,0.021919155,0.97586936,0.0022114923
2,2,2,0.00062003353,0.0025826523,0.9967973
2,2,2,0.00024065313,0.0018620233,0.9978973
1,1,1,0.045140274,0.9529894,0.0018703035
2,2,2,0.00028391613,0.0015970187,0.9981191
2,2,2,0.00043615082,0.0027131212,0.9968507
1,1,1,0.0080253165,0.99037987,0.0015948451
1,1,1,0.08226794,0.91599417,0.0017378624
1,1,1,0.027561761,0.9704404,0.0019978776
1,1,1,0.09250373,0.90543187,0.0020644444
1,1,1,0.019970238,0.97824574,0.0017840243
1,1,1,0.060521413,0.9373988,0.0020797336
2,2,2,6.484279e-05,0.00047106436,0.9994641
1,1,1,0.14729041,0.8499965,0.00271311
1,1,1,0.013704757,0.98470587,0.0015893944
1,1,1,0.06092078,0.9369516,0.0021276055
2,2,2,0.00020455249,0.0031430728,0.99665236
1,1,1,0.0066286763,0.9906757,0.0026956496
1,1,1,0.08012474,0.91827965,0.0015955466
2,2,2,0.00040630723,0.003972847,0.99562085
1,1,1,0.11778833,0.8808566,0.0013551485
1,1,1,0.03951751,0.9585249,0.001957524
0,1,1,0.26832464,0.73028976,0.0013855641
0,1,1,0.23510738,0.76251435,0.0023782759
1,1,1,0.025361935,0.9724692,0.0021687893
0,1,1,0.14449242,0.8536686,0.0018390423
2,2,2,6.1030198e-05,0.00070044206,0.99923855
2,2,2,0.00069835555,0.003698182,0.9956034
2,2,2,0.0002943905,0.0017159311,0.9979897
1,1,1,0.0071466267,0.9923197,0.0005336773
1,1,1,0.2583443,0.7396909,0.0019647875
1,1,1,0.008170921,0.9909549,0.0008742282
1,1,1,0.19401732,0.8038454,0.002137324
1,1,1,0.014728382,0.98327965,0.0019919034
1,1,1,0.008226025,0.9903364,0.0014375063
2,2,2,0.00016316622,0.0025820858,0.9972548
2,2,2,0.00012623848,0.0015394635,0.99833435
1,1,1,0.0121005755,0.9863522,0.0015472216
1,1,1,0.1473497,0.85073125,0.0019190533
1,1,1,0.018464645,0.9801113,0.0014240383
1,1,1,0.1741298,0.822581,0.0032891745
